postId;title;license;level;pdf;epub
26684;Birds;CC-BY-NC-4.0;Level 1;/pdf/en/Birds.pdf;/pdf/en/Birds.epub
26685;Flowers;CC-BY-NC-4.0;Level 1;/pdf/en/Flowers.pdf;/pdf/en/Flowers.epub
26686;Real Heroes;CC-BY-4.0;Level 4;/pdf/en/Real-Heroes.pdf;/pdf/en/Real-Heroes.epub
26687;Dream Defenders;CC-BY-NC-4.0;Level 4;/pdf/en/Dream-Defenders.pdf;/pdf/en/Dream-Defenders.epub
26688;Trees;CC-BY-NC-4.0;Level 1;/pdf/en/Trees.pdf;/pdf/en/Trees.epub
26288;Coding Is Everywhere;CC-BY-4.0;Level 4;/pdf/en/Coding-Is-Everywhere.pdf;/pdf/en/Coding-Is-Everywhere.epub
19481;Summertime Adventure;CC-BY-4.0;Emergent Readers;/pdf/en/Summertime-Adventure.pdf;/pdf/en/Summertime-Adventure.epub
2506;Where is My Mother?;CC-BY-4.0;Level 2;/pdf/en/Where-is-My-Mother.pdf;/pdf/en/Where-is-My-Mother.epub
26286;Dance, Mihlali!;CC-BY-4.0;Level 2;/pdf/en/Dance-Mihlali.pdf;/pdf/en/Dance-Mihlali.epub
26284;Just Right!;CC-BY-NC-4.0;Level 3;/pdf/en/Just-Right.pdf;/pdf/en/Just-Right.epub
1918;Lost in the Internet;CC-BY-4.0;Level 4;/pdf/en/Lost-in-the-Internet.pdf;/pdf/en/Lost-in-the-Internet.epub
2464;We are not Alone;cc-by-nc-sa-4-0;Read Aloud;/pdf/en/We-are-not-Alone.pdf;/pdf/en/We-are-not-Alone.epub
26107;Gul in Space;CC-BY-4.0;Level 5;/pdf/en/Gul-in-Space.pdf;/pdf/en/Gul-in-Space.epub
1672;DIVE!;CC-BY-4.0;Level 3;/pdf/en/DIVE.pdf;/pdf/en/DIVE.epub
1648;Cube Cat, Cone Cat;CC-BY-4.0;Level 2;/pdf/en/Cube-Cat-Cone-Cat.pdf;/pdf/en/Cube-Cat-Cone-Cat.epub
1700;Finding Pluto;cc-by-nc-sa-4-0;Level 2;/pdf/en/Finding-Pluto.pdf;/pdf/en/Finding-Pluto.epub
1716;Frog's Starry Wish;CC-BY-4.0;Level 2;/pdf/en/Frogs-Starry-Wish.pdf;/pdf/en/Frogs-Starry-Wish.epub
1740;Grace in Space;cc-by-nc-sa-4-0;Level 2;/pdf/en/Grace-in-Space.pdf;/pdf/en/Grace-in-Space.epub
1788;How Do Aeroplanes Fly?;CC-BY-4.0;Level 3;/pdf/en/How-Do-Aeroplanes-Fly.pdf;/pdf/en/How-Do-Aeroplanes-Fly.epub
2306;The Ladybird;CC-BY-4.0;Level 1;/pdf/en/The-Ladybird.pdf;/pdf/en/The-Ladybird.epub
26231;The Special Hornbill;CC-BY-NC-4.0;Level 4;/pdf/en/The-Special-Hornbill.pdf;/pdf/en/The-Special-Hornbill.epub
26233;Thin Fish;CC-BY-NC-4.0;Level 4;/pdf/en/Thin-Fish.pdf;/pdf/en/Thin-Fish.epub
26165;I Love My Planet;CC-BY-4.0;Level 3;/pdf/en/I-Love-My-Planet.pdf;/pdf/en/I-Love-My-Planet.epub
26104;The Expeditions of Tiwi and Boni;CC-BY-NC-4.0;Level 3;/pdf/en/The-Expeditions-of-Tiwi-and-Boni.pdf;/pdf/en/The-Expeditions-of-Tiwi-and-Boni.epub
1466;A Beautiful Day;CC-BY-4.0;Read Aloud;/pdf/en/A-Beautiful-Day.pdf;/pdf/en/A-Beautiful-Day.epub
1468;A Dancer's Tale: The Story of Phyllis Spira;CC-BY-4.0;Read Aloud;/pdf/en/A-Dancers-Tale-The-Story-of-Phyllis-Spira.pdf;/pdf/en/A-Dancers-Tale-The-Story-of-Phyllis-Spira.epub
1478;A Fish and A Gift;CC-BY-4.0;Read Aloud;/pdf/en/A-Fish-and-A-Gift.pdf;/pdf/en/A-Fish-and-A-Gift.epub
1482;A House for Mouse;CC-BY-4.0;Read Aloud;/pdf/en/A-House-for-Mouse.pdf;/pdf/en/A-House-for-Mouse.epub
1494;A Pizza Planet;cc-by-nc-sa-4-0;Read Aloud;/pdf/en/A-Pizza-Planet.pdf;/pdf/en/A-Pizza-Planet.epub
1508;A Tiny Seed: The Story of Wangari Maathai;CC-BY-4.0;Read Aloud;/pdf/en/A-Tiny-Seed-The-Story-of-Wangari-Maathai.pdf;/pdf/en/A-Tiny-Seed-The-Story-of-Wangari-Maathai.epub
1554;Before the Festival Ends;cc-by-nc-sa-4-0;Read Aloud;/pdf/en/Before-the-Festival-Ends.pdf;/pdf/en/Before-the-Festival-Ends.epub
1748;Grandpa's Gold;CC-BY-4.0;Read Aloud;/pdf/en/Grandpas-Gold.pdf;/pdf/en/Grandpas-Gold.epub
1768;Henrys or Cindrellas Shoes;cc-by-nc-sa-4-0;Read Aloud;/pdf/en/Henrys-or-Cindrellas-Shoes.pdf;/pdf/en/Henrys-or-Cindrellas-Shoes.epub
1784;How About You?;CC-BY-4.0;Read Aloud;/pdf/en/How-About-You.pdf;/pdf/en/How-About-You.epub
1826;If you lived on the moon;cc-by-nc-sa-4-0;Read Aloud;/pdf/en/If-you-lived-on-the-moon.pdf;/pdf/en/If-you-lived-on-the-moon.epub
1832;Is There Anyone Like Me?;CC-BY-4.0;Read Aloud;/pdf/en/Is-There-Anyone-Like-Me.pdf;/pdf/en/Is-There-Anyone-Like-Me.epub
1836;Jack and the magic grape seeds;cc-by-nc-sa-4-0;Read Aloud;/pdf/en/Jack-and-the-magic-grape-seeds.pdf;/pdf/en/Jack-and-the-magic-grape-seeds.epub
1860;Karabo's Question;CC-BY-4.0;Read Aloud;/pdf/en/Karabos-Question.pdf;/pdf/en/Karabos-Question.epub
1920;Lost in the Midsts of Time;cc-by-nc-sa-4-0;Read Aloud;/pdf/en/Lost-in-the-Midsts-of-Time.pdf;/pdf/en/Lost-in-the-Midsts-of-Time.epub
1932;Mama Bots Special Time;cc-by-nc-sa-4-0;Read Aloud;/pdf/en/Mama-Bots-Special-Time.pdf;/pdf/en/Mama-Bots-Special-Time.epub
1946;Miss Helen's Magical World: The Story of Helen Martins;CC-BY-4.0;Read Aloud;/pdf/en/Miss-Helens-Magical-World-The-Story-of-Helen-Marti.pdf;/pdf/en/Miss-Helens-Magical-World-The-Story-of-Helen-Marti.epub
1964;Ms Witty and the Coconut Tree;cc-by-nc-sa-4-0;Read Aloud;/pdf/en/Ms-Witty-and-the-Coconut-Tree.pdf;/pdf/en/Ms-Witty-and-the-Coconut-Tree.epub
2040;On the Chameleons Wedding day;cc-by-nc-sa-4-0;Read Aloud;/pdf/en/On-the-Chameleons-Wedding-day.pdf;/pdf/en/On-the-Chameleons-Wedding-day.epub
2112;Queen of Soweto: The Story of Basetsana Kumalo;CC-BY-4.0;Read Aloud;/pdf/en/Queen-of-Soweto-The-Story-of-Basetsana-Kumalo.pdf;/pdf/en/Queen-of-Soweto-The-Story-of-Basetsana-Kumalo.epub
2118;Rafiki's Style;CC-BY-4.0;Read Aloud;/pdf/en/Rafikis-Style.pdf;/pdf/en/Rafikis-Style.epub
2148;Sbu's Special Shoes;CC-BY-4.0;Read Aloud;/pdf/en/Sbus-Special-Shoes.pdf;/pdf/en/Sbus-Special-Shoes.epub
2158;Sima and Siza;CC-BY-4.0;Read Aloud;/pdf/en/Sima-and-Siza.pdf;/pdf/en/Sima-and-Siza.epub
2164;Singing the Truth: The Story of Miriam Makeba;CC-BY-4.0;Read Aloud;/pdf/en/Singing-the-Truth-The-Story-of-Miriam-Makeba.pdf;/pdf/en/Singing-the-Truth-The-Story-of-Miriam-Makeba.epub
2168;Sizwe's Smile;CC-BY-4.0;Read Aloud;/pdf/en/Sizwes-Smile.pdf;/pdf/en/Sizwes-Smile.epub
2170;Sleepy Mr Sloth;CC-BY-4.0;Read Aloud;/pdf/en/Sleepy-Mr-Sloth.pdf;/pdf/en/Sleepy-Mr-Sloth.epub
2218;The Adventures of a Frog that was once a Prince;cc-by-nc-sa-4-0;Read Aloud;/pdf/en/The-Adventures-of-a-Frog-that-was-once-a-Prince.pdf;/pdf/en/The-Adventures-of-a-Frog-that-was-once-a-Prince.epub
2266;The day my cat lost her mind;cc-by-nc-sa-4-0;Read Aloud;/pdf/en/The-day-my-cat-lost-her-mind.pdf;/pdf/en/The-day-my-cat-lost-her-mind.epub
2274;The Evening Storyteller;cc-by-nc-sa-4-0;Read Aloud;/pdf/en/The-Evening-Storyteller.pdf;/pdf/en/The-Evening-Storyteller.epub
2280;The Garbage Monster;cc-by-nc-sa-4-0;Read Aloud;/pdf/en/The-Garbage-Monster.pdf;/pdf/en/The-Garbage-Monster.epub
2332;The Oyster;cc-by-nc-sa-4-0;Read Aloud;/pdf/en/The-Oyster.pdf;/pdf/en/The-Oyster.epub
2354;The Shuttle of Everlasting Youth;cc-by-nc-sa-4-0;Read Aloud;/pdf/en/The-Shuttle-of-Everlasting-Youth.pdf;/pdf/en/The-Shuttle-of-Everlasting-Youth.epub
2382;The Wooden triangle;cc-by-nc-sa-4-0;Read Aloud;/pdf/en/The-Wooden-triangle.pdf;/pdf/en/The-Wooden-triangle.epub
2406;Together We're Strong: The Story of Albertina Sisulu;CC-BY-4.0;Read Aloud;/pdf/en/Together-Were-Strong-The-Story-of-Albertina-Sisulu.pdf;/pdf/en/Together-Were-Strong-The-Story-of-Albertina-Sisulu.epub
2422;Tortoise Finds His Home;CC-BY-4.0;Read Aloud;/pdf/en/Tortoise-Finds-His-Home.pdf;/pdf/en/Tortoise-Finds-His-Home.epub
2438;Turtle Dove;CC-BY-4.0;Emergent Readers;/pdf/en/Turtle-Dove.pdf;/pdf/en/Turtle-Dove.epub
2444;Uncle Carl and his antique car;cc-by-nc-sa-4-0;Read Aloud;/pdf/en/Uncle-Carl-and-his-antique-car.pdf;/pdf/en/Uncle-Carl-and-his-antique-car.epub
2458;Walking Together;CC-BY-4.0;Read Aloud;/pdf/en/Walking-Together.pdf;/pdf/en/Walking-Together.epub
2462;Water Waste Village;cc-by-nc-sa-4-0;Read Aloud;/pdf/en/Water-Waste-Village.pdf;/pdf/en/Water-Waste-Village.epub
2470;What Are You Doing?;CC-BY-4.0;Emergent Readers;/pdf/en/What-Are-You-Doing.pdf;/pdf/en/What-Are-You-Doing.epub
2478;What if;CC-BY-4.0;Read Aloud;/pdf/en/What-if.pdf;/pdf/en/What-if.epub
2496;Where am I going?;cc-by-nc-sa-4-0;Read Aloud;/pdf/en/Where-am-I-going.pdf;/pdf/en/Where-am-I-going.epub
2520;Who Colored the Clouds?;cc-by-nc-sa-4-0;Read Aloud;/pdf/en/Who-Colored-the-Clouds.pdf;/pdf/en/Who-Colored-the-Clouds.epub
2528;Whose button is this?;CC-BY-4.0;Read Aloud;/pdf/en/Whose-button-is-this.pdf;/pdf/en/Whose-button-is-this.epub
2534;Why did the polar bear leave;cc-by-nc-sa-4-0;Read Aloud;/pdf/en/Why-did-the-polar-bear-leave.pdf;/pdf/en/Why-did-the-polar-bear-leave.epub
2542;Why is Nita upside down?;CC-BY-4.0;Read Aloud;/pdf/en/Why-is-Nita-upside-down.pdf;/pdf/en/Why-is-Nita-upside-down.epub
2550;You Wont Bite my Fin;cc-by-nc-sa-4-0;Read Aloud;/pdf/en/You-Wont-Bite-my-Fin.pdf;/pdf/en/You-Wont-Bite-my-Fin.epub
2554;Zakadam cant dance;cc-by-nc-sa-4-0;Read Aloud;/pdf/en/Zakadam-cant-dance.pdf;/pdf/en/Zakadam-cant-dance.epub
2556;Zanele Situ: My Story: The Story of Zanele Situ;CC-BY-4.0;Read Aloud;/pdf/en/Zanele-Situ-My-Story-The-Story-of-Zanele-Situ.pdf;/pdf/en/Zanele-Situ-My-Story-The-Story-of-Zanele-Situ.epub
2358;The Soil;CC-BY-4.0;Level 1;/pdf/en/The-Soil.pdf;/pdf/en/The-Soil.epub
26101;Insects in my village;CC-BY-NC-4.0;Level 1;/pdf/en/Insects-in-my-village.pdf;/pdf/en/Insects-in-my-village.epub
26099;My Friend’s Palm Plantation;CC-BY-4.0;Level 4;/pdf/en/My-Friends-Palm-Plantation.pdf;/pdf/en/My-Friends-Palm-Plantation.epub
26097;Night on Signal Hill;CC-BY-NC-4.0;Level 3;/pdf/en/Night-on-Signal-Hill.pdf;/pdf/en/Night-on-Signal-Hill.epub
26095;Fruits and Vegetables;CC-BY-4.0;Level 1;/pdf/en/Fruits-and-Vegetables.pdf;/pdf/en/Fruits-and-Vegetables.epub
1538;Aristotle the Water Bottle;cc-by-nc-sa-4-0;Level 3;/pdf/en/Aristotle-the-Water-Bottle.pdf;/pdf/en/Aristotle-the-Water-Bottle.epub
2522;Who is Faster?;CC-BY-4.0;Level 1;/pdf/en/Who-is-Faster.pdf;/pdf/en/Who-is-Faster.epub
1524;Amazing Daisy;CC-BY-4.0;Read Aloud;/pdf/en/Amazing-Daisy.pdf;/pdf/en/Amazing-Daisy.epub
1550;Bathtub Safari;CC-BY-4.0;Read Aloud;/pdf/en/Bathtub-Safari.pdf;/pdf/en/Bathtub-Safari.epub
1738;Graca's Dream;CC-BY-4.0;Read Aloud;/pdf/en/Gracas-Dream.pdf;/pdf/en/Gracas-Dream.epub
1824;I Will Help You;CC-BY-4.0;Read Aloud;/pdf/en/I-Will-Help-You.pdf;/pdf/en/I-Will-Help-You.epub
1896;Little Ant's Big Plan;CC-BY-4.0;Read Aloud;/pdf/en/Little-Ants-Big-Plan.pdf;/pdf/en/Little-Ants-Big-Plan.epub
1914;Lory Dory;CC-BY-4.0;Read Aloud;/pdf/en/Lory-Dory.pdf;/pdf/en/Lory-Dory.epub
2216;Thato's Birthday Surprise;CC-BY-4.0;Read Aloud;/pdf/en/Thatos-Birthday-Surprise.pdf;/pdf/en/Thatos-Birthday-Surprise.epub
2386;There Must be a Rainbow;CC-BY-4.0;Read Aloud;/pdf/en/There-Must-be-a-Rainbow.pdf;/pdf/en/There-Must-be-a-Rainbow.epub
1626;Colorful Messages;CC-BY-NC-4.0;Level 5;/pdf/en/Colorful-Messages.pdf;/pdf/en/Colorful-Messages.epub
1686;Dry Quickly, Frangipani Flowers!;CC-BY-4.0;Level 5;/pdf/en/Dry-Quickly-Frangipani-Flowers.pdf;/pdf/en/Dry-Quickly-Frangipani-Flowers.epub
1726;Go Away, Naughty Monster!;CC-BY-NC-4.0;Level 5;/pdf/en/Go-Away-Naughty-Monster.pdf;/pdf/en/Go-Away-Naughty-Monster.epub
1806;I Have to Find a Way!;CC-BY-NC-4.0;Level 5;/pdf/en/I-Have-to-Find-a-Way.pdf;/pdf/en/I-Have-to-Find-a-Way.epub
1856;Kaldi and the Dancing Goats;CC-BY-NC-4.0;Level 5;/pdf/en/Kaldi-and-the-Dancing-Goats.pdf;/pdf/en/Kaldi-and-the-Dancing-Goats.epub
1998;My New Color;CC-BY-NC-4.0;Level 5;/pdf/en/My-New-Color.pdf;/pdf/en/My-New-Color.epub
2098;Prince Dhola’s Journey;CC-BY-NC-4.0;Level 5;/pdf/en/Prince-Dholas-Journey.pdf;/pdf/en/Prince-Dholas-Journey.epub
2204;Sunkeshi: The Princess with Golden Hair;cc-by-nc-sa-4-0;Level 5;/pdf/en/Sunkeshi-The-Princess-with-Golden-Hair.pdf;/pdf/en/Sunkeshi-The-Princess-with-Golden-Hair.epub
2278;The Friend of a Friend;CC-BY-NC-4.0;Level 5;/pdf/en/The-Friend-of-a-Friend.pdf;/pdf/en/The-Friend-of-a-Friend.epub
2286;The Great Council of Fish;CC-BY-NC-4.0;Level 5;/pdf/en/The-Great-Council-of-Fish.pdf;/pdf/en/The-Great-Council-of-Fish.epub
2290;The Great Reef Burn;CC-BY-NC-4.0;Level 5;/pdf/en/The-Great-Reef-Burn.pdf;/pdf/en/The-Great-Reef-Burn.epub
2340;The Queen of Garbage;CC-BY-NC-4.0;Level 5;/pdf/en/The-Queen-of-Garbage.pdf;/pdf/en/The-Queen-of-Garbage.epub
1486;A Message in the Envelope;CC-BY-4.0;Level 4;/pdf/en/A-Message-in-the-Envelope.pdf;/pdf/en/A-Message-in-the-Envelope.epub
1496;A Quest to Find the Sun;CC-BY-4.0;Level 4;/pdf/en/A-Quest-to-Find-the-Sun.pdf;/pdf/en/A-Quest-to-Find-the-Sun.epub
1660;Dancing to the Beat;CC-BY-NC-4.0;Level 4;/pdf/en/Dancing-to-the-Beat.pdf;/pdf/en/Dancing-to-the-Beat.epub
1728;Goat, The False King;CC-BY-4.0;Level 4;/pdf/en/Goat-The-False-King.pdf;/pdf/en/Goat-The-False-King.epub
1742;Grandma's Bananas;CC-BY-4.0;Level 4;/pdf/en/Grandmas-Bananas.pdf;/pdf/en/Grandmas-Bananas.epub
1752;Gul in Space;CC-BY-4.0;Level 4;/pdf/en/Gul-in-Space.pdf;/pdf/en/Gul-in-Space.epub
1776;Holding Hands;CC-BY-NC-4.0;Level 4;/pdf/en/Holding-Hands.pdf;/pdf/en/Holding-Hands.epub
1846;Jungle Brew;CC-BY-4.0;Level 4;/pdf/en/Jungle-Brew.pdf;/pdf/en/Jungle-Brew.epub
1874;Khyaa: The Forest Spirit with the Pierced Tongue;cc-by-nc-sa-4-0;Level 4;/pdf/en/Khyaa-The-Forest-Spirit-with-the-Pierced-Tongue.pdf;/pdf/en/Khyaa-The-Forest-Spirit-with-the-Pierced-Tongue.epub
1910;Little Spirit's Journey;CC-BY-4.0;Level 4;/pdf/en/Little-Spirits-Journey.pdf;/pdf/en/Little-Spirits-Journey.epub
1930;Magozwe;CC-BY-4.0;Level 4;/pdf/en/Magozwe.pdf;/pdf/en/Magozwe.epub
1986;My First Day at the Market;CC-BY-4.0;Level 4;/pdf/en/My-First-Day-at-the-Market.pdf;/pdf/en/My-First-Day-at-the-Market.epub
1992;My Hero is You;CC-BY-4.0;Level 4;/pdf/en/My-Hero-is-You.pdf;/pdf/en/My-Hero-is-You.epub
2034;Nonkungu And The Imbulu;CC-BY-4.0;Level 4;/pdf/en/Nonkungu-And-The-Imbulu.pdf;/pdf/en/Nonkungu-And-The-Imbulu.epub
2154;Share it Fair!;CC-BY-4.0;Level 4;/pdf/en/Share-it-Fair.pdf;/pdf/en/Share-it-Fair.epub
2244;The Boy Without a Name;CC-BY-4.0;Level 4;/pdf/en/The-Boy-Without-a-Name.pdf;/pdf/en/The-Boy-Without-a-Name.epub
2252;The Cat in the Ghat!;CC-BY-4.0;Level 4;/pdf/en/The-Cat-in-the-Ghat.pdf;/pdf/en/The-Cat-in-the-Ghat.epub
2270;The Dollhouse;CC-BY-4.0;Level 4;/pdf/en/The-Dollhouse.pdf;/pdf/en/The-Dollhouse.epub
2272;The Elephant in My House;CC-BY-NC-4.0;Level 4;/pdf/en/The-Elephant-in-My-House.pdf;/pdf/en/The-Elephant-in-My-House.epub
2284;The Golden Bird;CC-BY-4.0;Level 4;/pdf/en/The-Golden-Bird.pdf;/pdf/en/The-Golden-Bird.epub
2300;The Hare's Story;CC-BY-4.0;Level 4;/pdf/en/The-Hares-Story.pdf;/pdf/en/The-Hares-Story.epub
2304;The Island Where Noa Lives;CC-BY-NC-4.0;Level 4;/pdf/en/The-Island-Where-Noa-Lives.pdf;/pdf/en/The-Island-Where-Noa-Lives.epub
2308;The Lattice Window;CC-BY-NC-4.0;Level 4;/pdf/en/The-Lattice-Window.pdf;/pdf/en/The-Lattice-Window.epub
2326;The mystery of the disappearing lamps;cc-by-nc-sa-4-0;Level 4;/pdf/en/The-mystery-of-the-disappearing-lamps.pdf;/pdf/en/The-mystery-of-the-disappearing-lamps.epub
2336;The Plan of the Cunning Fox;CC-BY-NC-4.0;Level 4;/pdf/en/The-Plan-of-the-Cunning-Fox.pdf;/pdf/en/The-Plan-of-the-Cunning-Fox.epub
2350;The Scavenger Hunt;CC-BY-4.0;Level 4;/pdf/en/The-Scavenger-Hunt.pdf;/pdf/en/The-Scavenger-Hunt.epub
2400;Tine and the Faraway Mountain;CC-BY-4.0;Level 4;/pdf/en/Tine-and-the-Faraway-Mountain.pdf;/pdf/en/Tine-and-the-Faraway-Mountain.epub
2436;Tuna and the Red Algae;cc-by-nc-sa-4-0;Level 4;/pdf/en/Tuna-and-the-Red-Algae.pdf;/pdf/en/Tuna-and-the-Red-Algae.epub
2440;Turtle Story;CC-BY-4.0;Level 4;/pdf/en/Turtle-Story.pdf;/pdf/en/Turtle-Story.epub
2448;Under the Invisibility Cloak;CC-BY-4.0;Level 4;/pdf/en/Under-the-Invisibility-Cloak.pdf;/pdf/en/Under-the-Invisibility-Cloak.epub
2456;Wait for Me!;CC-BY-NC-4.0;Level 4;/pdf/en/Wait-for-Me.pdf;/pdf/en/Wait-for-Me.epub
2524;Who Stole Bhaiya's Smile?;CC-BY-4.0;Level 4;/pdf/en/Who-Stole-Bhaiyas-Smile.pdf;/pdf/en/Who-Stole-Bhaiyas-Smile.epub
10434;The Scavenger Hunt;CC-BY-4.0;Level 4;/pdf/en/The-Scavenger-Hunt.pdf;/pdf/en/The-Scavenger-Hunt.epub
1474;A Feast in a Special Place;cc-by-nc-sa-4-0;Level 3;/pdf/en/A-Feast-in-a-Special-Place.pdf;/pdf/en/A-Feast-in-a-Special-Place.epub
1476;A Feast on Saturn;cc-by-nc-sa-4-0;Level 3;/pdf/en/A-Feast-on-Saturn.pdf;/pdf/en/A-Feast-on-Saturn.epub
1480;A Gift for Mom;cc-by-nc-sa-4-0;Level 3;/pdf/en/A-Gift-for-Mom.pdf;/pdf/en/A-Gift-for-Mom.epub
1488;A New Nest;CC-BY-4.0;Level 3;/pdf/en/A-New-Nest.pdf;/pdf/en/A-New-Nest.epub
1498;A Special Necklace;CC-BY-NC-4.0;Level 3;/pdf/en/A-Special-Necklace.pdf;/pdf/en/A-Special-Necklace.epub
1522;Akai's Special Mat;CC-BY-4.0;Level 3;/pdf/en/Akais-Special-Mat.pdf;/pdf/en/Akais-Special-Mat.epub
1526;Among the Roots;cc-by-nc-sa-4-0;Level 3;/pdf/en/Among-the-Roots.pdf;/pdf/en/Among-the-Roots.epub
1532;An Amazing World;CC-BY-4.0;Level 3;/pdf/en/An-Amazing-World.pdf;/pdf/en/An-Amazing-World.epub
1534;Anabelle and the Wishing Hill;cc-by-nc-sa-4-0;Level 3;/pdf/en/Anabelle-and-the-Wishing-Hill.pdf;/pdf/en/Anabelle-and-the-Wishing-Hill.epub
1556;Beyond the Pasturelands;cc-by-nc-sa-4-0;Level 3;/pdf/en/Beyond-the-Pasturelands.pdf;/pdf/en/Beyond-the-Pasturelands.epub
1558;Bhabhloo Bear's Adventure;CC-BY-4.0;Level 3;/pdf/en/Bhabhloo-Bears-Adventure.pdf;/pdf/en/Bhabhloo-Bears-Adventure.epub
1560;Bhujar;CC-BY-4.0;Level 3;/pdf/en/Bhujar.pdf;/pdf/en/Bhujar.epub
1590;Cave of the Glow Worms;cc-by-nc-sa-4-0;Level 3;/pdf/en/Cave-of-the-Glow-Worms.pdf;/pdf/en/Cave-of-the-Glow-Worms.epub
1594;Chameli's Sparkle;CC-BY-4.0;Level 3;/pdf/en/Chamelis-Sparkle.pdf;/pdf/en/Chamelis-Sparkle.epub
1598;Chicken and Millipede;CC-BY-4.0;Level 3;/pdf/en/Chicken-and-Millipede.pdf;/pdf/en/Chicken-and-Millipede.epub
1624;Clever Rabbit;CC-BY-4.0;Level 3;/pdf/en/Clever-Rabbit.pdf;/pdf/en/Clever-Rabbit.epub
1640;Connection Hill;CC-BY-NC-4.0;Level 3;/pdf/en/Connection-Hill.pdf;/pdf/en/Connection-Hill.epub
1668;Dira and Chaku;CC-BY-4.0;Level 3;/pdf/en/Dira-and-Chaku.pdf;/pdf/en/Dira-and-Chaku.epub
1688;Dum Dum-a-Dum Biryani!;CC-BY-4.0;Level 3;/pdf/en/Dum-Dum-a-Dum-Biryani.pdf;/pdf/en/Dum-Dum-a-Dum-Biryani.epub
1698;Festival, Here I Come!;CC-BY-NC-4.0;Level 3;/pdf/en/Festival-Here-I-Come.pdf;/pdf/en/Festival-Here-I-Come.epub
1702;First House;CC-BY-4.0;Level 3;/pdf/en/First-House.pdf;/pdf/en/First-House.epub
1720;Garden of Medicines;CC-BY-4.0;Level 3;/pdf/en/Garden-of-Medicines.pdf;/pdf/en/Garden-of-Medicines.epub
1778;Holidays With Grandmother;CC-BY-4.0;Level 3;/pdf/en/Holidays-With-Grandmother.pdf;/pdf/en/Holidays-With-Grandmother.epub
1790;How Does the Toothpaste Get into the Tube?;CC-BY-4.0;Level 3;/pdf/en/How-Does-the-Toothpaste-Get-into-the-Tube.pdf;/pdf/en/How-Does-the-Toothpaste-Get-into-the-Tube.epub
1794;How the Tortoise Built Her House;CC-BY-4.0;Level 3;/pdf/en/How-the-Tortoise-Built-Her-House.pdf;/pdf/en/How-the-Tortoise-Built-Her-House.epub
1830;Inside the World Wide Web;CC-BY-4.0;Level 3;/pdf/en/Inside-the-World-Wide-Web.pdf;/pdf/en/Inside-the-World-Wide-Web.epub
1838;Jadav and the Tree-Place;CC-BY-4.0;Level 3;/pdf/en/Jadav-and-the-Tree-Place.pdf;/pdf/en/Jadav-and-the-Tree-Place.epub
1848;Junior Runaway;cc-by-nc-sa-4-0;Level 3;/pdf/en/Junior-Runaway.pdf;/pdf/en/Junior-Runaway.epub
1850;Just the Way I Am;CC-BY-4.0;Level 3;/pdf/en/Just-the-Way-I-Am.pdf;/pdf/en/Just-the-Way-I-Am.epub
1858;Kanchha, the Rhino;CC-BY-4.0;Level 3;/pdf/en/Kanchha-the-Rhino.pdf;/pdf/en/Kanchha-the-Rhino.epub
1864;Keeper And His Special Nursery;CC-BY-4.0;Level 3;/pdf/en/Keeper-And-His-Special-Nursery.pdf;/pdf/en/Keeper-And-His-Special-Nursery.epub
1876;King Kozoman's Letter;cc-by-nc-sa-4-0;Level 3;/pdf/en/King-Kozomans-Letter.pdf;/pdf/en/King-Kozomans-Letter.epub
1880;Koria the Crow;CC-BY-4.0;Level 3;/pdf/en/Koria-the-Crow.pdf;/pdf/en/Koria-the-Crow.epub
1888;Legend of the Red Moon;cc-by-nc-sa-4-0;Level 3;/pdf/en/Legend-of-the-Red-Moon.pdf;/pdf/en/Legend-of-the-Red-Moon.epub
1894;Lily's Underwater Journey;cc-by-nc-sa-4-0;Level 3;/pdf/en/Lilys-Underwater-Journey.pdf;/pdf/en/Lilys-Underwater-Journey.epub
1898;Little Billy, What Do You Want to Be?;cc-by-nc-sa-4-0;Level 3;/pdf/en/Little-Billy-What-Do-You-Want-to-Be.pdf;/pdf/en/Little-Billy-What-Do-You-Want-to-Be.epub
1928;MacGaiver the Galatic Taxi Driver;cc-by-nc-sa-4-0;Level 3;/pdf/en/MacGaiver-the-Galatic-Taxi-Driver.pdf;/pdf/en/MacGaiver-the-Galatic-Taxi-Driver.epub
1936;May Searches for the Sea;CC-BY-4.0;Level 3;/pdf/en/May-Searches-for-the-Sea.pdf;/pdf/en/May-Searches-for-the-Sea.epub
1940;Message from the Fridge;cc-by-nc-sa-4-0;Level 3;/pdf/en/Message-from-the-Fridge.pdf;/pdf/en/Message-from-the-Fridge.epub
1948;Mission of the Fish;CC-BY-4.0;Level 3;/pdf/en/Mission-of-the-Fish.pdf;/pdf/en/Mission-of-the-Fish.epub
1960;Mr. Maseleni;CC-BY-4.0;Level 3;/pdf/en/Mr-Maseleni.pdf;/pdf/en/Mr-Maseleni.epub
1984;My First Day at School;CC-BY-4.0;Level 3;/pdf/en/My-First-Day-at-School.pdf;/pdf/en/My-First-Day-at-School.epub
2014;Namorutunga;CC-BY-4.0;Level 3;/pdf/en/Namorutunga.pdf;/pdf/en/Namorutunga.epub
2020;Neema's Birthday;CC-BY-4.0;Level 3;/pdf/en/Neemas-Birthday.pdf;/pdf/en/Neemas-Birthday.epub
2024;Nilam the Little Healer;CC-BY-NC-4.0;Level 3;/pdf/en/Nilam-the-Little-Healer.pdf;/pdf/en/Nilam-the-Little-Healer.epub
2030;No Pigs Allowed;CC-BY-4.0;Level 3;/pdf/en/No-Pigs-Allowed.pdf;/pdf/en/No-Pigs-Allowed.epub
2038;Oh No!;CC-BY-4.0;Level 3;/pdf/en/Oh-No.pdf;/pdf/en/Oh-No.epub
2064;Paplu the giant;CC-BY-4.0;Level 3;/pdf/en/Paplu-the-giant.pdf;/pdf/en/Paplu-the-giant.epub
2080;Pishi Caught in a Storm;CC-BY-4.0;Level 3;/pdf/en/Pishi-Caught-in-a-Storm.pdf;/pdf/en/Pishi-Caught-in-a-Storm.epub
2092;Polaris the North Star;cc-by-nc-sa-4-0;Level 3;/pdf/en/Polaris-the-North-Star.pdf;/pdf/en/Polaris-the-North-Star.epub
2094;Polo from Planet Patchy;cc-by-nc-sa-4-0;Level 3;/pdf/en/Polo-from-Planet-Patchy.pdf;/pdf/en/Polo-from-Planet-Patchy.epub
2100;Princess Bahati;CC-BY-4.0;Level 3;/pdf/en/Princess-Bahati.pdf;/pdf/en/Princess-Bahati.epub
2130;Reeti and Mithu;CC-BY-4.0;Level 3;/pdf/en/Reeti-and-Mithu.pdf;/pdf/en/Reeti-and-Mithu.epub
2134;Rhyming Grandpa;CC-BY-4.0;Level 3;/pdf/en/Rhyming-Grandpa.pdf;/pdf/en/Rhyming-Grandpa.epub
2166;Sister Where Does the Sun Go at Night?;CC-BY-4.0;Level 3;/pdf/en/Sister-Where-Does-the-Sun-Go-at-Night.pdf;/pdf/en/Sister-Where-Does-the-Sun-Go-at-Night.epub
2178;Smoke City Princess;cc-by-nc-sa-4-0;Level 3;/pdf/en/Smoke-City-Princess.pdf;/pdf/en/Smoke-City-Princess.epub
2198;Squirrel Isn't greedy;cc-by-nc-sa-4-0;Level 3;/pdf/en/Squirrel-Isnt-greedy.pdf;/pdf/en/Squirrel-Isnt-greedy.epub
2206;Sylvester Looks for a Job;cc-by-nc-sa-4-0;Level 3;/pdf/en/Sylvester-Looks-for-a-Job.pdf;/pdf/en/Sylvester-Looks-for-a-Job.epub
2220;The Adventures of Mboza and her Rooster;CC-BY-4.0;Level 3;/pdf/en/The-Adventures-of-Mboza-and-her-Rooster.pdf;/pdf/en/The-Adventures-of-Mboza-and-her-Rooster.epub
2230;The Birthday Chocolate;CC-BY-4.0;Level 3;/pdf/en/The-Birthday-Chocolate.pdf;/pdf/en/The-Birthday-Chocolate.epub
2234;The Birthday Present;CC-BY-4.0;Level 3;/pdf/en/The-Birthday-Present.pdf;/pdf/en/The-Birthday-Present.epub
2238;The Boink Mystery;CC-BY-4.0;Level 3;/pdf/en/The-Boink-Mystery.pdf;/pdf/en/The-Boink-Mystery.epub
2240;The Boy and the Drum;CC-BY-4.0;Level 3;/pdf/en/The-Boy-and-the-Drum.pdf;/pdf/en/The-Boy-and-the-Drum.epub
2242;The Boy and the Drum (A Shorter Version);CC-BY-4.0;Level 3;/pdf/en/The-Boy-and-the-Drum-A-Shorter-Version.pdf;/pdf/en/The-Boy-and-the-Drum-A-Shorter-Version.epub
2282;The Generous Crow;CC-BY-4.0;Level 3;/pdf/en/The-Generous-Crow.pdf;/pdf/en/The-Generous-Crow.epub
2320;The Magic Broomstick;cc-by-nc-sa-4-0;Level 3;/pdf/en/The-Magic-Broomstick.pdf;/pdf/en/The-Magic-Broomstick.epub
2322;The Magic Mirror;CC-BY-4.0;Level 3;/pdf/en/The-Magic-Mirror.pdf;/pdf/en/The-Magic-Mirror.epub
2324;The Missing Bat;CC-BY-4.0;Level 3;/pdf/en/The-Missing-Bat.pdf;/pdf/en/The-Missing-Bat.epub
2338;The Queen;cc-by-nc-sa-4-0;Level 3;/pdf/en/The-Queen.pdf;/pdf/en/The-Queen.epub
2360;The Sparrow and The Fruit;CC-BY-4.0;Level 3;/pdf/en/The-Sparrow-and-The-Fruit.pdf;/pdf/en/The-Sparrow-and-The-Fruit.epub
2366;The Talking Bag;CC-BY-4.0;Level 3;/pdf/en/The-Talking-Bag.pdf;/pdf/en/The-Talking-Bag.epub
2372;The Unexpected Friend;cc-by-nc-sa-4-0;Level 3;/pdf/en/The-Unexpected-Friend.pdf;/pdf/en/The-Unexpected-Friend.epub
2374;The Village of Five Poles;CC-BY-4.0;Level 3;/pdf/en/The-Village-of-Five-Poles.pdf;/pdf/en/The-Village-of-Five-Poles.epub
2384;Thembi and the Singing Tree;CC-BY-4.0;Level 3;/pdf/en/Thembi-and-the-Singing-Tree.pdf;/pdf/en/Thembi-and-the-Singing-Tree.epub
2388;Think Before You Act;CC-BY-4.0;Level 3;/pdf/en/Think-Before-You-Act.pdf;/pdf/en/Think-Before-You-Act.epub
2408;Tok Tok;CC-BY-4.0;Level 3;/pdf/en/Tok-Tok.pdf;/pdf/en/Tok-Tok.epub
2418;Toothless Charu;CC-BY-4.0;Level 3;/pdf/en/Toothless-Charu.pdf;/pdf/en/Toothless-Charu.epub
2434;Trust Me, I am a Rabbit;CC-BY-NC-4.0;Level 3;/pdf/en/Trust-Me-I-am-a-Rabbit.pdf;/pdf/en/Trust-Me-I-am-a-Rabbit.epub
2446;Uncle Owl;CC-BY-4.0;Level 3;/pdf/en/Uncle-Owl.pdf;/pdf/en/Uncle-Owl.epub
2452;Up World, down world;CC-BY-4.0;Level 3;/pdf/en/Up-World-down-world.pdf;/pdf/en/Up-World-down-world.epub
2484;What Spring Forgot;cc-by-nc-sa-4-0;Level 3;/pdf/en/What-Spring-Forgot.pdf;/pdf/en/What-Spring-Forgot.epub
2498;Where Did Your Dimples Go?;CC-BY-4.0;Level 3;/pdf/en/Where-Did-Your-Dimples-Go.pdf;/pdf/en/Where-Did-Your-Dimples-Go.epub
2502;Where is Coco?;cc-by-nc-sa-4-0;Level 3;/pdf/en/Where-is-Coco.pdf;/pdf/en/Where-is-Coco.epub
2512;Which Way is South?;CC-BY-NC-4.0;Level 3;/pdf/en/Which-Way-is-South.pdf;/pdf/en/Which-Way-is-South.epub
2536;Why Do Bees Buzz?;CC-BY-4.0;Level 3;/pdf/en/Why-Do-Bees-Buzz.pdf;/pdf/en/Why-Do-Bees-Buzz.epub
2538;Why Does A Poori Puff Up?;CC-BY-4.0;Level 3;/pdf/en/Why-Does-A-Poori-Puff-Up.pdf;/pdf/en/Why-Does-A-Poori-Puff-Up.epub
2540;Why Hippos Have No Hair;CC-BY-4.0;Level 3;/pdf/en/Why-Hippos-Have-No-Hair.pdf;/pdf/en/Why-Hippos-Have-No-Hair.epub
19309;Stage Fright;CC-BY-4.0;Level 3;/pdf/en/Stage-Fright.pdf;/pdf/en/Stage-Fright.epub
19485;Pranav the Pattern Detective;CC-BY-4.0;Level 3;/pdf/en/Pranav-the-Pattern-Detective.pdf;/pdf/en/Pranav-the-Pattern-Detective.epub
1472;A Dress for Porcupine;CC-BY-4.0;Level 2;/pdf/en/A-Dress-for-Porcupine.pdf;/pdf/en/A-Dress-for-Porcupine.epub
1490;A New Visitor;CC-BY-4.0;Level 2;/pdf/en/A-New-Visitor.pdf;/pdf/en/A-New-Visitor.epub
1500;A Special Nest;CC-BY-4.0;Level 2;/pdf/en/A-Special-Nest.pdf;/pdf/en/A-Special-Nest.epub
1510;A Very Green Day;CC-BY-4.0;Level 2;/pdf/en/A-Very-Green-Day.pdf;/pdf/en/A-Very-Green-Day.epub
1518;ACHOO!;CC-BY-4.0;Level 2;/pdf/en/ACHOO.pdf;/pdf/en/ACHOO.epub
1520;Adam's Toy;cc-by-nc-sa-4-0;Level 2;/pdf/en/Adams-Toy.pdf;/pdf/en/Adams-Toy.epub
1528;An A-maize-ing Story;CC-BY-4.0;Level 2;/pdf/en/An-A-maize-ing-Story.pdf;/pdf/en/An-A-maize-ing-Story.epub
1530;An Adventure with a Water-Snake;CC-BY-4.0;Level 2;/pdf/en/An-Adventure-with-a-Water-Snake.pdf;/pdf/en/An-Adventure-with-a-Water-Snake.epub
1536;Annual Haircut Day;CC-BY-4.0;Level 2;/pdf/en/Annual-Haircut-Day.pdf;/pdf/en/Annual-Haircut-Day.epub
1540;Aunty Jui's Baby;CC-BY-4.0;Level 2;/pdf/en/Aunty-Juis-Baby.pdf;/pdf/en/Aunty-Juis-Baby.epub
1542;Avani and the Pea Plant;CC-BY-4.0;Level 2;/pdf/en/Avani-and-the-Pea-Plant.pdf;/pdf/en/Avani-and-the-Pea-Plant.epub
1544;Baby Giraffe and the Sun;CC-BY-4.0;Level 2;/pdf/en/Baby-Giraffe-and-the-Sun.pdf;/pdf/en/Baby-Giraffe-and-the-Sun.epub
1546;Bahati;CC-BY-4.0;Level 2;/pdf/en/Bahati.pdf;/pdf/en/Bahati.epub
1552;Bear Goes Fishing!;CC-BY-4.0;Level 2;/pdf/en/Bear-Goes-Fishing.pdf;/pdf/en/Bear-Goes-Fishing.epub
1564;Bo's Treasure;CC-BY-4.0;Level 2;/pdf/en/Bos-Treasure.pdf;/pdf/en/Bos-Treasure.epub
1566;Bon and Butter;CC-BY-4.0;Level 2;/pdf/en/Bon-and-Butter.pdf;/pdf/en/Bon-and-Butter.epub
1568;Bonney Vroom;cc-by-nc-sa-4-0;Level 2;/pdf/en/Bonney-Vroom.pdf;/pdf/en/Bonney-Vroom.epub
1574;Bountong's New Hat;CC-BY-4.0;Level 2;/pdf/en/Bountongs-New-Hat.pdf;/pdf/en/Bountongs-New-Hat.epub
1576;Brave Rima;CC-BY-4.0;Level 2;/pdf/en/Brave-Rima.pdf;/pdf/en/Brave-Rima.epub
1578;Brushing is No Fun!;CC-BY-4.0;Level 2;/pdf/en/Brushing-is-No-Fun.pdf;/pdf/en/Brushing-is-No-Fun.epub
1582;Busy Mother Hen;CC-BY-4.0;Level 2;/pdf/en/Busy-Mother-Hen.pdf;/pdf/en/Busy-Mother-Hen.epub
1588;Caterpillar Looks for a Shoe;CC-BY-4.0;Level 2;/pdf/en/Caterpillar-Looks-for-a-Shoe.pdf;/pdf/en/Caterpillar-Looks-for-a-Shoe.epub
1592;Chaku's Cycle;CC-BY-4.0;Level 2;/pdf/en/Chakus-Cycle.pdf;/pdf/en/Chakus-Cycle.epub
1602;Child As a Peacemaker;CC-BY-4.0;Level 2;/pdf/en/Child-As-a-Peacemaker.pdf;/pdf/en/Child-As-a-Peacemaker.epub
1608;Chunu &amp; Munu: Draw;CC-BY-4.0;Level 2;/pdf/en/Chunu-amp-Munu-Draw.pdf;/pdf/en/Chunu-amp-Munu-Draw.epub
1614;Chunu &amp; Munu: Let's Sing and Dance for Nature!;CC-BY-4.0;Level 2;/pdf/en/Chunu-amp-Munu-Lets-Sing-and-Dance-for-Nature.pdf;/pdf/en/Chunu-amp-Munu-Lets-Sing-and-Dance-for-Nature.epub
1616;Chunu &amp; Munu: Our School;CC-BY-4.0;Level 2;/pdf/en/Chunu-amp-Munu-Our-School.pdf;/pdf/en/Chunu-amp-Munu-Our-School.epub
1628;Colour-In Goat, Dog And Cow;CC-BY-4.0;Level 2;/pdf/en/Colour-In-Goat-Dog-And-Cow.pdf;/pdf/en/Colour-In-Goat-Dog-And-Cow.epub
1630;Colourful Birds;CC-BY-4.0;Level 2;/pdf/en/Colourful-Birds.pdf;/pdf/en/Colourful-Birds.epub
1632;Colouring Pencils;CC-BY-4.0;Level 2;/pdf/en/Colouring-Pencils.pdf;/pdf/en/Colouring-Pencils.epub
1650;Cuckoo Wants To Sing;CC-BY-4.0;Level 2;/pdf/en/Cuckoo-Wants-To-Sing.pdf;/pdf/en/Cuckoo-Wants-To-Sing.epub
1652;Curious Baby Elephant;CC-BY-4.0;Level 2;/pdf/en/Curious-Baby-Elephant.pdf;/pdf/en/Curious-Baby-Elephant.epub
1654;Curious Lou the Crab;cc-by-nc-sa-4-0;Level 2;/pdf/en/Curious-Lou-the-Crab.pdf;/pdf/en/Curious-Lou-the-Crab.epub
1658;Daddy Mo's;CC-BY-4.0;Level 2;/pdf/en/Daddy-Mos.pdf;/pdf/en/Daddy-Mos.epub
1662;Diary of a Martian Kid;cc-by-nc-sa-4-0;Level 2;/pdf/en/Diary-of-a-Martian-Kid.pdf;/pdf/en/Diary-of-a-Martian-Kid.epub
1664;Did You Steal My Chestnuts?;CC-BY-4.0;Level 2;/pdf/en/Did-You-Steal-My-Chestnuts.pdf;/pdf/en/Did-You-Steal-My-Chestnuts.epub
1666;Didi and the Colorful Treasure;CC-BY-4.0;Level 2;/pdf/en/Didi-and-the-Colorful-Treasure.pdf;/pdf/en/Didi-and-the-Colorful-Treasure.epub
1670;Disability Is Not Inability;CC-BY-4.0;Level 2;/pdf/en/Disability-Is-Not-Inability.pdf;/pdf/en/Disability-Is-Not-Inability.epub
1674;Don't open this book…;cc-by-nc-sa-4-0;Level 2;/pdf/en/Dont-open-this-book.pdf;/pdf/en/Dont-open-this-book.epub
1676;Don't Wake the Baby!;CC-BY-4.0;Level 2;/pdf/en/Dont-Wake-the-Baby.pdf;/pdf/en/Dont-Wake-the-Baby.epub
1680;Douangkeo Wants to Be a Magician;CC-BY-4.0;Level 2;/pdf/en/Douangkeo-Wants-to-Be-a-Magician.pdf;/pdf/en/Douangkeo-Wants-to-Be-a-Magician.epub
1682;Drawing My Cat;CC-BY-4.0;Level 2;/pdf/en/Drawing-My-Cat.pdf;/pdf/en/Drawing-My-Cat.epub
1684;Drivers in a Hurry;CC-BY-4.0;Level 2;/pdf/en/Drivers-in-a-Hurry.pdf;/pdf/en/Drivers-in-a-Hurry.epub
1704;First Place;CC-BY-4.0;Level 2;/pdf/en/First-Place.pdf;/pdf/en/First-Place.epub
1706;Flying High;CC-BY-4.0;Level 2;/pdf/en/Flying-High.pdf;/pdf/en/Flying-High.epub
1714;Frog's Bright Idea;CC-BY-4.0;Level 2;/pdf/en/Frogs-Bright-Idea.pdf;/pdf/en/Frogs-Bright-Idea.epub
1722;Get Me The Bucket!;CC-BY-4.0;Level 2;/pdf/en/Get-Me-The-Bucket.pdf;/pdf/en/Get-Me-The-Bucket.epub
1724;Girisha from the Hills;CC-BY-4.0;Level 2;/pdf/en/Girisha-from-the-Hills.pdf;/pdf/en/Girisha-from-the-Hills.epub
1730;Going to a Wedding;CC-BY-4.0;Level 2;/pdf/en/Going-to-a-Wedding.pdf;/pdf/en/Going-to-a-Wedding.epub
1732;Going to Buy a Book;CC-BY-4.0;Level 2;/pdf/en/Going-to-Buy-a-Book.pdf;/pdf/en/Going-to-Buy-a-Book.epub
1736;Goodnight Tinku!;CC-BY-4.0;Level 2;/pdf/en/Goodnight-Tinku.pdf;/pdf/en/Goodnight-Tinku.epub
1744;Grandma's Glasses;CC-BY-4.0;Level 2;/pdf/en/Grandmas-Glasses.pdf;/pdf/en/Grandmas-Glasses.epub
1746;Grandpa's Car;cc-by-nc-sa-4-0;Level 2;/pdf/en/Grandpas-Car.pdf;/pdf/en/Grandpas-Car.epub
1754;Gundu Fish and Kutti Fish;CC-BY-4.0;Level 2;/pdf/en/Gundu-Fish-and-Kutti-Fish.pdf;/pdf/en/Gundu-Fish-and-Kutti-Fish.epub
1756;Hailey Hop and the Water Drop;cc-by-nc-sa-4-0;Level 2;/pdf/en/Hailey-Hop-and-the-Water-Drop.pdf;/pdf/en/Hailey-Hop-and-the-Water-Drop.epub
1758;Happy Akai;CC-BY-4.0;Level 2;/pdf/en/Happy-Akai.pdf;/pdf/en/Happy-Akai.epub
1762;Hatchu! Ha-aaa-tchu!;CC-BY-4.0;Level 2;/pdf/en/Hatchu-Ha-aaa-tchu.pdf;/pdf/en/Hatchu-Ha-aaa-tchu.epub
1764;Have You Seen the Tick-o-Click?;cc-by-nc-sa-4-0;Level 2;/pdf/en/Have-You-Seen-the-Tick-o-Click.pdf;/pdf/en/Have-You-Seen-the-Tick-o-Click.epub
1770;Here Comes the Camel and Other Poems;CC-BY-4.0;Level 2;/pdf/en/Here-Comes-the-Camel-and-Other-Poems.pdf;/pdf/en/Here-Comes-the-Camel-and-Other-Poems.epub
1772;Hide and Seek;CC-BY-4.0;Level 2;/pdf/en/Hide-and-Seek.pdf;/pdf/en/Hide-and-Seek.epub
1782;Hot Tea and Warm Rugs;CC-BY-4.0;Level 2;/pdf/en/Hot-Tea-and-Warm-Rugs.pdf;/pdf/en/Hot-Tea-and-Warm-Rugs.epub
1786;How Ant Saved Dove;CC-BY-4.0;Level 2;/pdf/en/How-Ant-Saved-Dove.pdf;/pdf/en/How-Ant-Saved-Dove.epub
1792;How Many Ways Can You Use a Pakhaoma?;CC-BY-4.0;Level 2;/pdf/en/How-Many-Ways-Can-You-Use-a-Pakhaoma.pdf;/pdf/en/How-Many-Ways-Can-You-Use-a-Pakhaoma.epub
1816;I Need a Violin;CC-BY-4.0;Level 2;/pdf/en/I-Need-a-Violin.pdf;/pdf/en/I-Need-a-Violin.epub
1828;In the Light of the Rising Sun;CC-BY-4.0;Level 2;/pdf/en/In-the-Light-of-the-Rising-Sun.pdf;/pdf/en/In-the-Light-of-the-Rising-Sun.epub
1834;It's a Ghost!;CC-BY-4.0;Level 2;/pdf/en/Its-a-Ghost.pdf;/pdf/en/Its-a-Ghost.epub
1840;Jasu Loves Football;CC-BY-4.0;Level 2;/pdf/en/Jasu-Loves-Football.pdf;/pdf/en/Jasu-Loves-Football.epub
1844;Joongedai's Things;CC-BY-4.0;Level 2;/pdf/en/Joongedais-Things.pdf;/pdf/en/Joongedais-Things.epub
1852;Kadogoo Changed His Life;CC-BY-4.0;Level 2;/pdf/en/Kadogoo-Changed-His-Life.pdf;/pdf/en/Kadogoo-Changed-His-Life.epub
1854;Kaka and Munni: A Folktale from Punjab;CC-BY-4.0;Level 2;/pdf/en/Kaka-and-Munni-A-Folktale-from-Punjab.pdf;/pdf/en/Kaka-and-Munni-A-Folktale-from-Punjab.epub
1862;Kate has no friends;cc-by-nc-sa-4-0;Level 2;/pdf/en/Kate-has-no-friends.pdf;/pdf/en/Kate-has-no-friends.epub
1866;Kham's Precious Little Lamp;CC-BY-4.0;Level 2;/pdf/en/Khams-Precious-Little-Lamp.pdf;/pdf/en/Khams-Precious-Little-Lamp.epub
1868;Khuku and the Catfish;CC-BY-4.0;Level 2;/pdf/en/Khuku-and-the-Catfish.pdf;/pdf/en/Khuku-and-the-Catfish.epub
1870;Khutso's Strange Dream;CC-BY-4.0;Level 2;/pdf/en/Khutsos-Strange-Dream.pdf;/pdf/en/Khutsos-Strange-Dream.epub
1878;Knock, Knock Surprise!;cc-by-nc-sa-4-0;Level 2;/pdf/en/Knock-Knock-Surprise.pdf;/pdf/en/Knock-Knock-Surprise.epub
1882;Lassi, Ice-cream or Falooda?;CC-BY-4.0;Level 2;/pdf/en/Lassi-Ice-cream-or-Falooda.pdf;/pdf/en/Lassi-Ice-cream-or-Falooda.epub
1884;Layla's Project;cc-by-nc-sa-4-0;Level 2;/pdf/en/Laylas-Project.pdf;/pdf/en/Laylas-Project.epub
1886;Ledile's Red Balloon;CC-BY-4.0;Level 2;/pdf/en/Lediles-Red-Balloon.pdf;/pdf/en/Lediles-Red-Balloon.epub
1900;Little by Little;CC-BY-4.0;Level 2;/pdf/en/Little-by-Little.pdf;/pdf/en/Little-by-Little.epub
1904;Little Monkey's Lost Bananas;CC-BY-4.0;Level 2;/pdf/en/Little-Monkeys-Lost-Bananas.pdf;/pdf/en/Little-Monkeys-Lost-Bananas.epub
1906;Little Mr. Einstein;cc-by-nc-sa-4-0;Level 2;/pdf/en/Little-Mr-Einstein.pdf;/pdf/en/Little-Mr-Einstein.epub
1916;Lost in the Dark;CC-BY-4.0;Level 2;/pdf/en/Lost-in-the-Dark.pdf;/pdf/en/Lost-in-the-Dark.epub
1924;Lucky Time;CC-BY-4.0;Level 2;/pdf/en/Lucky-Time.pdf;/pdf/en/Lucky-Time.epub
1926;Luvi's New Look;CC-BY-4.0;Level 2;/pdf/en/Luvis-New-Look.pdf;/pdf/en/Luvis-New-Look.epub
1938;McLeod Tastes the Clouds;cc-by-nc-sa-4-0;Level 2;/pdf/en/McLeod-Tastes-the-Clouds.pdf;/pdf/en/McLeod-Tastes-the-Clouds.epub
1942;Mini Num;cc-by-nc-sa-4-0;Level 2;/pdf/en/Mini-Num.pdf;/pdf/en/Mini-Num.epub
1944;Miss Goat's House;CC-BY-4.0;Level 2;/pdf/en/Miss-Goats-House.pdf;/pdf/en/Miss-Goats-House.epub
1950;Mother Duck;cc-by-nc-sa-4-0;Level 2;/pdf/en/Mother-Duck.pdf;/pdf/en/Mother-Duck.epub
1952;Mother Hen;CC-BY-4.0;Level 2;/pdf/en/Mother-Hen.pdf;/pdf/en/Mother-Hen.epub
1956;Mouse in the House;CC-BY-4.0;Level 2;/pdf/en/Mouse-in-the-House.pdf;/pdf/en/Mouse-in-the-House.epub
1958;Mr. Anand has an Adventure;CC-BY-4.0;Level 2;/pdf/en/Mr-Anand-has-an-Adventure.pdf;/pdf/en/Mr-Anand-has-an-Adventure.epub
1962;Mr. Spooky;cc-by-nc-sa-4-0;Level 2;/pdf/en/Mr-Spooky.pdf;/pdf/en/Mr-Spooky.epub
1968;Munni, the Lamb;CC-BY-4.0;Level 2;/pdf/en/Munni-the-Lamb.pdf;/pdf/en/Munni-the-Lamb.epub
1970;My Balwadi;CC-BY-4.0;Level 2;/pdf/en/My-Balwadi.pdf;/pdf/en/My-Balwadi.epub
1974;My Big Family;CC-BY-4.0;Level 2;/pdf/en/My-Big-Family.pdf;/pdf/en/My-Big-Family.epub
1978;My Cousin Visits My Village;CC-BY-4.0;Level 2;/pdf/en/My-Cousin-Visits-My-Village.pdf;/pdf/en/My-Cousin-Visits-My-Village.epub
2010;My Ten Friends;CC-BY-4.0;Level 2;/pdf/en/My-Ten-Friends.pdf;/pdf/en/My-Ten-Friends.epub
2016;Namu's Bicycle;CC-BY-4.0;Level 2;/pdf/en/Namus-Bicycle.pdf;/pdf/en/Namus-Bicycle.epub
2022;Nichchumani Helps Out;CC-BY-4.0;Level 2;/pdf/en/Nichchumani-Helps-Out.pdf;/pdf/en/Nichchumani-Helps-Out.epub
2032;No Smiles Today;CC-BY-4.0;Level 2;/pdf/en/No-Smiles-Today.pdf;/pdf/en/No-Smiles-Today.epub
2044;Ou Ou Wants to Have Friends;CC-BY-4.0;Level 2;/pdf/en/Ou-Ou-Wants-to-Have-Friends.pdf;/pdf/en/Ou-Ou-Wants-to-Have-Friends.epub
2048;Our Friends in the Wild;CC-BY-4.0;Level 2;/pdf/en/Our-Friends-in-the-Wild.pdf;/pdf/en/Our-Friends-in-the-Wild.epub
2058;Pambaram the Naughty Top;CC-BY-4.0;Level 2;/pdf/en/Pambaram-the-Naughty-Top.pdf;/pdf/en/Pambaram-the-Naughty-Top.epub
2062;Paper Play;CC-BY-4.0;Level 2;/pdf/en/Paper-Play.pdf;/pdf/en/Paper-Play.epub
2066;Parrot Can't Fly;cc-by-nc-sa-4-0;Level 2;/pdf/en/Parrot-Cant-Fly.pdf;/pdf/en/Parrot-Cant-Fly.epub
2068;Peacocks and Pakodas!;CC-BY-4.0;Level 2;/pdf/en/Peacocks-and-Pakodas.pdf;/pdf/en/Peacocks-and-Pakodas.epub
2070;Pehelwaan Ji;CC-BY-4.0;Level 2;/pdf/en/Pehelwaan-Ji.pdf;/pdf/en/Pehelwaan-Ji.epub
2072;Pehelwaan ji Plays Cricket;CC-BY-4.0;Level 2;/pdf/en/Pehelwaan-ji-Plays-Cricket.pdf;/pdf/en/Pehelwaan-ji-Plays-Cricket.epub
2078;Pig Leads the Way!;CC-BY-4.0;Level 2;/pdf/en/Pig-Leads-the-Way.pdf;/pdf/en/Pig-Leads-the-Way.epub
2086;Plek Plok, the Lucky Little Fish;CC-BY-4.0;Level 2;/pdf/en/Plek-Plok-the-Lucky-Little-Fish.pdf;/pdf/en/Plek-Plok-the-Lucky-Little-Fish.epub
2102;Punishment;CC-BY-4.0;Level 2;/pdf/en/Punishment.pdf;/pdf/en/Punishment.epub
2104;Puppy Hears a Noise;CC-BY-4.0;Level 2;/pdf/en/Puppy-Hears-a-Noise.pdf;/pdf/en/Puppy-Hears-a-Noise.epub
2106;Puppy's Birthday Party;CC-BY-4.0;Level 2;/pdf/en/Puppys-Birthday-Party.pdf;/pdf/en/Puppys-Birthday-Party.epub
2108;Push Push Quick Quick;cc-by-nc-sa-4-0;Level 2;/pdf/en/Push-Push-Quick-Quick.pdf;/pdf/en/Push-Push-Quick-Quick.epub
2114;Rabbit Becomes a Chef;CC-BY-4.0;Level 2;/pdf/en/Rabbit-Becomes-a-Chef.pdf;/pdf/en/Rabbit-Becomes-a-Chef.epub
2116;Rabbit Goes on a Quest;CC-BY-4.0;Level 2;/pdf/en/Rabbit-Goes-on-a-Quest.pdf;/pdf/en/Rabbit-Goes-on-a-Quest.epub
2120;Rain, Rain;CC-BY-4.0;Level 2;/pdf/en/Rain-Rain.pdf;/pdf/en/Rain-Rain.epub
2122;Rama Goes to Town;CC-BY-4.0;Level 2;/pdf/en/Rama-Goes-to-Town.pdf;/pdf/en/Rama-Goes-to-Town.epub
2128;Reba Wants Ice Cream;CC-BY-4.0;Level 2;/pdf/en/Reba-Wants-Ice-Cream.pdf;/pdf/en/Reba-Wants-Ice-Cream.epub
2136;Rimis Red Book;CC-BY-4.0;Level 2;/pdf/en/Rimis-Red-Book.pdf;/pdf/en/Rimis-Red-Book.epub
2138;Rooster and Hare;CC-BY-4.0;Level 2;/pdf/en/Rooster-and-Hare.pdf;/pdf/en/Rooster-and-Hare.epub
2140;Rumniya;CC-BY-4.0;Level 2;/pdf/en/Rumniya.pdf;/pdf/en/Rumniya.epub
2142;Saboo and Jojo;CC-BY-4.0;Level 2;/pdf/en/Saboo-and-Jojo.pdf;/pdf/en/Saboo-and-Jojo.epub
2144;Samira Goes Shopping;CC-BY-4.0;Level 2;/pdf/en/Samira-Goes-Shopping.pdf;/pdf/en/Samira-Goes-Shopping.epub
2150;Secret Owner;CC-BY-4.0;Level 2;/pdf/en/Secret-Owner.pdf;/pdf/en/Secret-Owner.epub
2152;Serpy, the Snake;CC-BY-4.0;Level 2;/pdf/en/Serpy-the-Snake.pdf;/pdf/en/Serpy-the-Snake.epub
2162;Singing in the Rain;CC-BY-4.0;Level 2;/pdf/en/Singing-in-the-Rain.pdf;/pdf/en/Singing-in-the-Rain.epub
2172;Small and Big;CC-BY-NC-4.0;Level 2;/pdf/en/Small-and-Big.pdf;/pdf/en/Small-and-Big.epub
2174;Smart Sona Helps Her Mother;CC-BY-4.0;Level 2;/pdf/en/Smart-Sona-Helps-Her-Mother.pdf;/pdf/en/Smart-Sona-Helps-Her-Mother.epub
2180;Snail Speeds Up!;CC-BY-4.0;Level 2;/pdf/en/Snail-Speeds-Up.pdf;/pdf/en/Snail-Speeds-Up.epub
2182;Sniffles;CC-BY-4.0;Level 2;/pdf/en/Sniffles.pdf;/pdf/en/Sniffles.epub
2184;Sniffles the Crocodile and Punch the Butterfly;CC-BY-4.0;Level 2;/pdf/en/Sniffles-the-Crocodile-and-Punch-the-Butterfly.pdf;/pdf/en/Sniffles-the-Crocodile-and-Punch-the-Butterfly.epub
2188;Soar On, Kite!;CC-BY-4.0;Level 2;/pdf/en/Soar-On-Kite.pdf;/pdf/en/Soar-On-Kite.epub
2190;Socks;CC-BY-4.0;Level 2;/pdf/en/Socks.pdf;/pdf/en/Socks.epub
2194;Spot and Spike;CC-BY-4.0;Level 2;/pdf/en/Spot-and-Spike.pdf;/pdf/en/Spot-and-Spike.epub
2196;Squirrel Goes to School;CC-BY-4.0;Level 2;/pdf/en/Squirrel-Goes-to-School.pdf;/pdf/en/Squirrel-Goes-to-School.epub
2200;Sringeri Srinivas Learns to Laugh;CC-BY-4.0;Level 2;/pdf/en/Sringeri-Srinivas-Learns-to-Laugh.pdf;/pdf/en/Sringeri-Srinivas-Learns-to-Laugh.epub
2210;Teacher Akinyi;CC-BY-4.0;Level 2;/pdf/en/Teacher-Akinyi.pdf;/pdf/en/Teacher-Akinyi.epub
2214;Thangwang and Bhalluka;CC-BY-4.0;Level 2;/pdf/en/Thangwang-and-Bhalluka.pdf;/pdf/en/Thangwang-and-Bhalluka.epub
2224;The Bees;CC-BY-4.0;Level 2;/pdf/en/The-Bees.pdf;/pdf/en/The-Bees.epub
2226;The Biggest Pumpkin;CC-BY-4.0;Level 2;/pdf/en/The-Biggest-Pumpkin.pdf;/pdf/en/The-Biggest-Pumpkin.epub
2228;The Birthday Chocolate;CC-BY-4.0;Level 2;/pdf/en/The-Birthday-Chocolate.pdf;/pdf/en/The-Birthday-Chocolate.epub
2236;The Blue Fairy;CC-BY-4.0;Level 2;/pdf/en/The-Blue-Fairy.pdf;/pdf/en/The-Blue-Fairy.epub
2246;The Bravest One;CC-BY-NC-4.0;Level 2;/pdf/en/The-Bravest-One.pdf;/pdf/en/The-Bravest-One.epub
2248;The Bubble Mystery;CC-BY-4.0;Level 2;/pdf/en/The-Bubble-Mystery.pdf;/pdf/en/The-Bubble-Mystery.epub
2250;The Calf Calls;CC-BY-4.0;Level 2;/pdf/en/The-Calf-Calls.pdf;/pdf/en/The-Calf-Calls.epub
2254;The Cat's Lost Bread;CC-BY-4.0;Level 2;/pdf/en/The-Cats-Lost-Bread.pdf;/pdf/en/The-Cats-Lost-Bread.epub
2256;The Centipede's Problem;cc-by-nc-sa-4-0;Level 2;/pdf/en/The-Centipedes-Problem.pdf;/pdf/en/The-Centipedes-Problem.epub
2258;The Clever Tortoise;CC-BY-4.0;Level 2;/pdf/en/The-Clever-Tortoise.pdf;/pdf/en/The-Clever-Tortoise.epub
2262;The Crown;CC-BY-4.0;Level 2;/pdf/en/The-Crown.pdf;/pdf/en/The-Crown.epub
2264;The Day It Rained Fish;CC-BY-4.0;Level 2;/pdf/en/The-Day-It-Rained-Fish.pdf;/pdf/en/The-Day-It-Rained-Fish.epub
2268;The Dog's Eggs;CC-BY-4.0;Level 2;/pdf/en/The-Dogs-Eggs.pdf;/pdf/en/The-Dogs-Eggs.epub
2288;The Great Hairy Khyaa;CC-BY-NC-4.0;Level 2;/pdf/en/The-Great-Hairy-Khyaa.pdf;/pdf/en/The-Great-Hairy-Khyaa.epub
2292;The Green Apple;CC-BY-4.0;Level 2;/pdf/en/The-Green-Apple.pdf;/pdf/en/The-Green-Apple.epub
2294;The Green Lizard and the Gecko;CC-BY-4.0;Level 2;/pdf/en/The-Green-Lizard-and-the-Gecko.pdf;/pdf/en/The-Green-Lizard-and-the-Gecko.epub
2298;The Happy Train;CC-BY-4.0;Level 2;/pdf/en/The-Happy-Train.pdf;/pdf/en/The-Happy-Train.epub
2302;The Hat Seller;CC-BY-4.0;Level 2;/pdf/en/The-Hat-Seller.pdf;/pdf/en/The-Hat-Seller.epub
2310;The Lion and the Rabbit;CC-BY-4.0;Level 2;/pdf/en/The-Lion-and-the-Rabbit.pdf;/pdf/en/The-Lion-and-the-Rabbit.epub
2314;The Lost Ball;CC-BY-4.0;Level 2;/pdf/en/The-Lost-Ball.pdf;/pdf/en/The-Lost-Ball.epub
2330;The Ocean Dream;CC-BY-4.0;Level 2;/pdf/en/The-Ocean-Dream.pdf;/pdf/en/The-Ocean-Dream.epub
2342;The Rat in the Sock Hat;cc-by-nc-sa-4-0;Level 2;/pdf/en/The-Rat-in-the-Sock-Hat.pdf;/pdf/en/The-Rat-in-the-Sock-Hat.epub
2344;The Red Raincoat;CC-BY-4.0;Level 2;/pdf/en/The-Red-Raincoat.pdf;/pdf/en/The-Red-Raincoat.epub
2348;The Scarecrows on Parade;CC-BY-4.0;Level 2;/pdf/en/The-Scarecrows-on-Parade.pdf;/pdf/en/The-Scarecrows-on-Parade.epub
2352;The School is on Fire!;CC-BY-4.0;Level 2;/pdf/en/The-School-is-on-Fire.pdf;/pdf/en/The-School-is-on-Fire.epub
2356;The Smart Frog;CC-BY-4.0;Level 2;/pdf/en/The-Smart-Frog.pdf;/pdf/en/The-Smart-Frog.epub
2362;The Special Painter;CC-BY-4.0;Level 2;/pdf/en/The-Special-Painter.pdf;/pdf/en/The-Special-Painter.epub
2364;The Sun takes a Bath;CC-BY-4.0;Level 2;/pdf/en/The-Sun-takes-a-Bath.pdf;/pdf/en/The-Sun-takes-a-Bath.epub
2370;The Timid Train;CC-BY-4.0;Level 2;/pdf/en/The-Timid-Train.pdf;/pdf/en/The-Timid-Train.epub
2378;The Walking Mountain;CC-BY-4.0;Level 2;/pdf/en/The-Walking-Mountain.pdf;/pdf/en/The-Walking-Mountain.epub
2390;Thipthida Goes to School;CC-BY-4.0;Level 2;/pdf/en/Thipthida-Goes-to-School.pdf;/pdf/en/Thipthida-Goes-to-School.epub
2394;Tiger's Delicious Treats;CC-BY-4.0;Level 2;/pdf/en/Tigers-Delicious-Treats.pdf;/pdf/en/Tigers-Delicious-Treats.epub
2396;Tin Trong, the Little Bus;CC-BY-4.0;Level 2;/pdf/en/Tin-Trong-the-Little-Bus.pdf;/pdf/en/Tin-Trong-the-Little-Bus.epub
2398;Tina and the Stars;CC-BY-4.0;Level 2;/pdf/en/Tina-and-the-Stars.pdf;/pdf/en/Tina-and-the-Stars.epub
2404;Tiwi's Trunk;CC-BY-NC-4.0;Level 2;/pdf/en/Tiwis-Trunk.pdf;/pdf/en/Tiwis-Trunk.epub
2410;Tommy Tomato;cc-by-nc-sa-4-0;Level 2;/pdf/en/Tommy-Tomato.pdf;/pdf/en/Tommy-Tomato.epub
2412;Too Many Bananas;CC-BY-4.0;Level 2;/pdf/en/Too-Many-Bananas.pdf;/pdf/en/Too-Many-Bananas.epub
2414;Too Much Noise;CC-BY-4.0;Level 2;/pdf/en/Too-Much-Noise.pdf;/pdf/en/Too-Much-Noise.epub
2416;Too Small;CC-BY-4.0;Level 2;/pdf/en/Too-Small.pdf;/pdf/en/Too-Small.epub
2420;Topsy Turvy;CC-BY-4.0;Level 2;/pdf/en/Topsy-Turvy.pdf;/pdf/en/Topsy-Turvy.epub
2426;Tra's Red Bean Plant;CC-BY-4.0;Level 2;/pdf/en/Tras-Red-Bean-Plant.pdf;/pdf/en/Tras-Red-Bean-Plant.epub
2442;Two Mice;CC-BY-4.0;Level 2;/pdf/en/Two-Mice.pdf;/pdf/en/Two-Mice.epub
2450;Unnie and Innie;CC-BY-4.0;Level 2;/pdf/en/Unnie-and-Innie.pdf;/pdf/en/Unnie-and-Innie.epub
2454;Veeru Goes to the Circus;CC-BY-4.0;Level 2;/pdf/en/Veeru-Goes-to-the-Circus.pdf;/pdf/en/Veeru-Goes-to-the-Circus.epub
2466;What Am I?;CC-BY-4.0;Level 2;/pdf/en/What-Am-I.pdf;/pdf/en/What-Am-I.epub
2472;What did Zizo See?;cc-by-nc-sa-4-0;Level 2;/pdf/en/What-did-Zizo-See.pdf;/pdf/en/What-did-Zizo-See.epub
2474;What Does Anu See?;CC-BY-4.0;Level 2;/pdf/en/What-Does-Anu-See.pdf;/pdf/en/What-Does-Anu-See.epub
2476;What Does The Firefly Have?;CC-BY-4.0;Level 2;/pdf/en/What-Does-The-Firefly-Have.pdf;/pdf/en/What-Does-The-Firefly-Have.epub
2482;What Shall I Wear Today?;CC-BY-4.0;Level 2;/pdf/en/What-Shall-I-Wear-Today.pdf;/pdf/en/What-Shall-I-Wear-Today.epub
2488;What's Inside this Book?;cc-by-nc-sa-4-0;Level 2;/pdf/en/Whats-Inside-this-Book.pdf;/pdf/en/Whats-Inside-this-Book.epub
2492;When Amma Went to School;CC-BY-4.0;Level 2;/pdf/en/When-Amma-Went-to-School.pdf;/pdf/en/When-Amma-Went-to-School.epub
2504;Where is Gogo?;CC-BY-4.0;Level 2;/pdf/en/Where-is-Gogo.pdf;/pdf/en/Where-is-Gogo.epub
2508;Where is my Pet?;CC-BY-4.0;Level 2;/pdf/en/Where-is-my-Pet.pdf;/pdf/en/Where-is-my-Pet.epub
2510;Where is Yellow?;CC-BY-4.0;Level 2;/pdf/en/Where-is-Yellow.pdf;/pdf/en/Where-is-Yellow.epub
2514;White Butterfly;CC-BY-4.0;Level 2;/pdf/en/White-Butterfly.pdf;/pdf/en/White-Butterfly.epub
2530;Whose House is This?;CC-BY-4.0;Level 2;/pdf/en/Whose-House-is-This.pdf;/pdf/en/Whose-House-is-This.epub
2544;Why is Uranus Sad?;cc-by-nc-sa-4-0;Level 2;/pdf/en/Why-is-Uranus-Sad.pdf;/pdf/en/Why-is-Uranus-Sad.epub
2548;With a Click of a Button;cc-by-nc-sa-4-0;Level 2;/pdf/en/With-a-Click-of-a-Button.pdf;/pdf/en/With-a-Click-of-a-Button.epub
19487;And Also!;CC-BY-4.0;Level 2;/pdf/en/And-Also.pdf;/pdf/en/And-Also.epub
1514;Abcd a nature alphabet book;CC-BY-4.0;Emergent Readers;/pdf/en/Abcd-a-nature-alphabet-book.pdf;/pdf/en/Abcd-a-nature-alphabet-book.epub
1584;Butterfly and Hornbill;CC-BY-4.0;Emergent Readers;/pdf/en/Butterfly-and-Hornbill.pdf;/pdf/en/Butterfly-and-Hornbill.epub
1586;Caterpillar Lives in Our Garden;CC-BY-4.0;Emergent Readers;/pdf/en/Caterpillar-Lives-in-Our-Garden.pdf;/pdf/en/Caterpillar-Lives-in-Our-Garden.epub
1634;Colours;CC-BY-4.0;Emergent Readers;/pdf/en/Colours.pdf;/pdf/en/Colours.epub
1734;Goldfish Genius;CC-BY-4.0;Emergent Readers;/pdf/en/Goldfish-Genius.pdf;/pdf/en/Goldfish-Genius.epub
1750;Greetings;CC-BY-4.0;Emergent Readers;/pdf/en/Greetings.pdf;/pdf/en/Greetings.epub
1766;Helping Others;CC-BY-4.0;Emergent Readers;/pdf/en/Helping-Others.pdf;/pdf/en/Helping-Others.epub
1774;Hide and Seek;CC-BY-4.0;Emergent Readers;/pdf/en/Hide-and-Seek.pdf;/pdf/en/Hide-and-Seek.epub
1800;I Can Dress Myself!;CC-BY-4.0;Emergent Readers;/pdf/en/I-Can-Dress-Myself.pdf;/pdf/en/I-Can-Dress-Myself.epub
1810;I Like;CC-BY-4.0;Emergent Readers;/pdf/en/I-Like.pdf;/pdf/en/I-Like.epub
1812;I Like To Read;CC-BY-4.0;Emergent Readers;/pdf/en/I-Like-To-Read.pdf;/pdf/en/I-Like-To-Read.epub
1820;I Want to Fly;CC-BY-4.0;Emergent Readers;/pdf/en/I-Want-to-Fly.pdf;/pdf/en/I-Want-to-Fly.epub
1822;I Want to Hide;CC-BY-4.0;Emergent Readers;/pdf/en/I-Want-to-Hide.pdf;/pdf/en/I-Want-to-Hide.epub
1890;Let's Count Legs;CC-BY-4.0;Emergent Readers;/pdf/en/Lets-Count-Legs.pdf;/pdf/en/Lets-Count-Legs.epub
1922;Lost Toy;CC-BY-4.0;Emergent Readers;/pdf/en/Lost-Toy.pdf;/pdf/en/Lost-Toy.epub
1934;Mango Lick!;CC-BY-4.0;Emergent Readers;/pdf/en/Mango-Lick.pdf;/pdf/en/Mango-Lick.epub
1966;Muna and Milan's Game;CC-BY-4.0;Emergent Readers;/pdf/en/Muna-and-Milans-Game.pdf;/pdf/en/Muna-and-Milans-Game.epub
1976;My Body;CC-BY-4.0;Emergent Readers;/pdf/en/My-Body.pdf;/pdf/en/My-Body.epub
1980;My Family;CC-BY-4.0;Emergent Readers;/pdf/en/My-Family.pdf;/pdf/en/My-Family.epub
1996;My Little Garden;CC-BY-4.0;Emergent Readers;/pdf/en/My-Little-Garden.pdf;/pdf/en/My-Little-Garden.epub
2000;My People;CC-BY-4.0;Emergent Readers;/pdf/en/My-People.pdf;/pdf/en/My-People.epub
2006;My Street;CC-BY-4.0;Emergent Readers;/pdf/en/My-Street.pdf;/pdf/en/My-Street.epub
2018;Navy and Bora;CC-BY-4.0;Emergent Readers;/pdf/en/Navy-and-Bora.pdf;/pdf/en/Navy-and-Bora.epub
2056;Out in the Garden;CC-BY-4.0;Emergent Readers;/pdf/en/Out-in-the-Garden.pdf;/pdf/en/Out-in-the-Garden.epub
2160;Simple Counting;CC-BY-4.0;Emergent Readers;/pdf/en/Simple-Counting.pdf;/pdf/en/Simple-Counting.epub
2186;Snip;CC-BY-4.0;Emergent Readers;/pdf/en/Snip.pdf;/pdf/en/Snip.epub
2232;The Birthday Party;CC-BY-4.0;Emergent Readers;/pdf/en/The-Birthday-Party.pdf;/pdf/en/The-Birthday-Party.epub
2312;The Lion Runs and the Cow Walks;CC-BY-4.0;Emergent Readers;/pdf/en/The-Lion-Runs-and-the-Cow-Walks.pdf;/pdf/en/The-Lion-Runs-and-the-Cow-Walks.epub
1462;"My fish!" "No, my fish!";CC-BY-4.0;Level 1;/pdf/en/My-fish-No-my-fish.pdf;/pdf/en/My-fish-No-my-fish.epub
1464;7 Colours of a Rainbow;CC-BY-4.0;Level 1;/pdf/en/7-Colours-of-a-Rainbow.pdf;/pdf/en/7-Colours-of-a-Rainbow.epub
1470;A Day at the Carnival;CC-BY-4.0;Level 1;/pdf/en/A-Day-at-the-Carnival.pdf;/pdf/en/A-Day-at-the-Carnival.epub
1484;A Little Monkey and a Fish;CC-BY-4.0;Level 1;/pdf/en/A-Little-Monkey-and-a-Fish.pdf;/pdf/en/A-Little-Monkey-and-a-Fish.epub
1504;A Street or a Zoo?;CC-BY-4.0;Level 1;/pdf/en/A-Street-or-a-Zoo.pdf;/pdf/en/A-Street-or-a-Zoo.epub
1506;A Sweet Apple;CC-BY-4.0;Level 1;/pdf/en/A-Sweet-Apple.pdf;/pdf/en/A-Sweet-Apple.epub
1512;Aaloo-Maaloo-Kaaloo;CC-BY-4.0;Level 1;/pdf/en/Aaloo-Maaloo-Kaaloo.pdf;/pdf/en/Aaloo-Maaloo-Kaaloo.epub
1516;About Birds;CC-BY-4.0;Level 1;/pdf/en/About-Birds.pdf;/pdf/en/About-Birds.epub
1548;Bath time for Chunnu and Munnu;CC-BY-4.0;Level 1;/pdf/en/Bath-time-for-Chunnu-and-Munnu.pdf;/pdf/en/Bath-time-for-Chunnu-and-Munnu.epub
1562;Black Ant;CC-BY-4.0;Level 1;/pdf/en/Black-Ant.pdf;/pdf/en/Black-Ant.epub
1570;Botse-Botse Wants to Get Married;CC-BY-4.0;Level 1;/pdf/en/Botse-Botse-Wants-to-Get-Married.pdf;/pdf/en/Botse-Botse-Wants-to-Get-Married.epub
1572;Bounthy's Singing Birds;CC-BY-4.0;Level 1;/pdf/en/Bounthys-Singing-Birds.pdf;/pdf/en/Bounthys-Singing-Birds.epub
1580;Busy ants;CC-BY-4.0;Level 1;/pdf/en/Busy-ants.pdf;/pdf/en/Busy-ants.epub
1596;Cheep Cheep Drip Drip;CC-BY-4.0;Level 1;/pdf/en/Cheep-Cheep-Drip-Drip.pdf;/pdf/en/Cheep-Cheep-Drip-Drip.epub
1606;Christmas in PNG;CC-BY-4.0;Level 1;/pdf/en/Christmas-in-PNG.pdf;/pdf/en/Christmas-in-PNG.epub
1610;Chunu &amp; Munu: It's Freezing!;CC-BY-4.0;Level 1;/pdf/en/Chunu-amp-Munu-Its-Freezing.pdf;/pdf/en/Chunu-amp-Munu-Its-Freezing.epub
1612;Chunu &amp; Munu: Let Us Play Now;CC-BY-4.0;Level 1;/pdf/en/Chunu-amp-Munu-Let-Us-Play-Now.pdf;/pdf/en/Chunu-amp-Munu-Let-Us-Play-Now.epub
1618;Chunu &amp; Munu: The Corn Is Yummy!;CC-BY-4.0;Level 1;/pdf/en/Chunu-amp-Munu-The-Corn-Is-Yummy.pdf;/pdf/en/Chunu-amp-Munu-The-Corn-Is-Yummy.epub
1620;Chunu and Munu Read;CC-BY-4.0;Level 1;/pdf/en/Chunu-and-Munu-Read.pdf;/pdf/en/Chunu-and-Munu-Read.epub
1622;Cicada's Song;CC-BY-4.0;Level 1;/pdf/en/Cicadas-Song.pdf;/pdf/en/Cicadas-Song.epub
1636;Colours of Nature;CC-BY-4.0;Level 1;/pdf/en/Colours-of-Nature.pdf;/pdf/en/Colours-of-Nature.epub
1642;Counting Animals;CC-BY-4.0;Level 1;/pdf/en/Counting-Animals.pdf;/pdf/en/Counting-Animals.epub
1644;COVIBOOK;CC-BY-4.0;Level 1;/pdf/en/COVIBOOK.pdf;/pdf/en/COVIBOOK.epub
1646;Cow With One Horn;CC-BY-4.0;Level 1;/pdf/en/Cow-With-One-Horn.pdf;/pdf/en/Cow-With-One-Horn.epub
1656;Curly and Straight;CC-BY-4.0;Level 1;/pdf/en/Curly-and-Straight.pdf;/pdf/en/Curly-and-Straight.epub
1678;Donkey And Ox;CC-BY-4.0;Level 1;/pdf/en/Donkey-And-Ox.pdf;/pdf/en/Donkey-And-Ox.epub
1692;Everyone Eats;CC-BY-4.0;Level 1;/pdf/en/Everyone-Eats.pdf;/pdf/en/Everyone-Eats.epub
1696;Festival;CC-BY-NC-4.0;Level 1;/pdf/en/Festival.pdf;/pdf/en/Festival.epub
1708;Foxy Joxy Plays a Trick;CC-BY-4.0;Level 1;/pdf/en/Foxy-Joxy-Plays-a-Trick.pdf;/pdf/en/Foxy-Joxy-Plays-a-Trick.epub
1710;Friends;CC-BY-4.0;Level 1;/pdf/en/Friends.pdf;/pdf/en/Friends.epub
1712;Friends;CC-BY-4.0;Level 1;/pdf/en/Friends.pdf;/pdf/en/Friends.epub
1718;Gagan Visits Kamal;CC-BY-4.0;Level 1;/pdf/en/Gagan-Visits-Kamal.pdf;/pdf/en/Gagan-Visits-Kamal.epub
1780;Homes;CC-BY-4.0;Level 1;/pdf/en/Homes.pdf;/pdf/en/Homes.epub
1796;I Am Not Afraid!;CC-BY-4.0;Level 1;/pdf/en/I-Am-Not-Afraid.pdf;/pdf/en/I-Am-Not-Afraid.epub
1798;I Can Climb!;CC-BY-4.0;Level 1;/pdf/en/I-Can-Climb.pdf;/pdf/en/I-Can-Climb.epub
1802;I Can Help!;CC-BY-4.0;Level 1;/pdf/en/I-Can-Help.pdf;/pdf/en/I-Can-Help.epub
1804;I Can Make Things!;CC-BY-4.0;Level 1;/pdf/en/I-Can-Make-Things.pdf;/pdf/en/I-Can-Make-Things.epub
1808;I Know;CC-BY-4.0;Level 1;/pdf/en/I-Know.pdf;/pdf/en/I-Know.epub
1814;I Love My Mom;CC-BY-4.0;Level 1;/pdf/en/I-Love-My-Mom.pdf;/pdf/en/I-Love-My-Mom.epub
1818;I Want That One!;CC-BY-4.0;Level 1;/pdf/en/I-Want-That-One.pdf;/pdf/en/I-Want-That-One.epub
1842;Jobs;CC-BY-4.0;Level 1;/pdf/en/Jobs.pdf;/pdf/en/Jobs.epub
1892;Let's Fly;CC-BY-4.0;Level 1;/pdf/en/Lets-Fly.pdf;/pdf/en/Lets-Fly.epub
1902;Little Caterpillar;CC-BY-4.0;Level 1;/pdf/en/Little-Caterpillar.pdf;/pdf/en/Little-Caterpillar.epub
1908;Little Painters;CC-BY-4.0;Level 1;/pdf/en/Little-Painters.pdf;/pdf/en/Little-Painters.epub
1912;Londi the dreaming girl;CC-BY-4.0;Level 1;/pdf/en/Londi-the-dreaming-girl.pdf;/pdf/en/Londi-the-dreaming-girl.epub
1954;Mother, Call that Bird!;CC-BY-4.0;Level 1;/pdf/en/Mother-Call-that-Bird.pdf;/pdf/en/Mother-Call-that-Bird.epub
1972;My Best Friend;CC-BY-4.0;Level 1;/pdf/en/My-Best-Friend.pdf;/pdf/en/My-Best-Friend.epub
1982;My First Book of Indian Dinosaurs;CC-BY-4.0;Level 1;/pdf/en/My-First-Book-of-Indian-Dinosaurs.pdf;/pdf/en/My-First-Book-of-Indian-Dinosaurs.epub
1988;My Food Garden;CC-BY-4.0;Level 1;/pdf/en/My-Food-Garden.pdf;/pdf/en/My-Food-Garden.epub
1990;My Garden;CC-BY-4.0;Level 1;/pdf/en/My-Garden.pdf;/pdf/en/My-Garden.epub
1994;My Home;CC-BY-4.0;Level 1;/pdf/en/My-Home.pdf;/pdf/en/My-Home.epub
2002;My Red Ball;CC-BY-4.0;Level 1;/pdf/en/My-Red-Ball.pdf;/pdf/en/My-Red-Ball.epub
2008;My Teacher;CC-BY-4.0;Level 1;/pdf/en/My-Teacher.pdf;/pdf/en/My-Teacher.epub
2012;My Very Own Scooter;cc-by-nc-sa-4-0;Level 1;/pdf/en/My-Very-Own-Scooter.pdf;/pdf/en/My-Very-Own-Scooter.epub
2026;Nin Wants to Get Dressed;CC-BY-4.0;Level 1;/pdf/en/Nin-Wants-to-Get-Dressed.pdf;/pdf/en/Nin-Wants-to-Get-Dressed.epub
2028;Nina and Peter;CC-BY-4.0;Level 1;/pdf/en/Nina-and-Peter.pdf;/pdf/en/Nina-and-Peter.epub
2036;Now I've Got You!;CC-BY-4.0;Level 1;/pdf/en/Now-Ive-Got-You.pdf;/pdf/en/Now-Ive-Got-You.epub
2042;One Big Cake;CC-BY-4.0;Level 1;/pdf/en/One-Big-Cake.pdf;/pdf/en/One-Big-Cake.epub
2046;Our Friend John;CC-BY-4.0;Level 1;/pdf/en/Our-Friend-John.pdf;/pdf/en/Our-Friend-John.epub
2050;Our Holidays;CC-BY-4.0;Level 1;/pdf/en/Our-Holidays.pdf;/pdf/en/Our-Holidays.epub
2052;Our School;CC-BY-4.0;Level 1;/pdf/en/Our-School.pdf;/pdf/en/Our-School.epub
2054;Our Values;CC-BY-4.0;Level 1;/pdf/en/Our-Values.pdf;/pdf/en/Our-Values.epub
2060;Papa and the Snake;CC-BY-4.0;Level 1;/pdf/en/Papa-and-the-Snake.pdf;/pdf/en/Papa-and-the-Snake.epub
2074;Pendo Our Cow;CC-BY-4.0;Level 1;/pdf/en/Pendo-Our-Cow.pdf;/pdf/en/Pendo-Our-Cow.epub
2076;Peter's Peanuts;CC-BY-4.0;Level 1;/pdf/en/Peters-Peanuts.pdf;/pdf/en/Peters-Peanuts.epub
2082;Playground;CC-BY-4.0;Level 1;/pdf/en/Playground.pdf;/pdf/en/Playground.epub
2084;Playtime;CC-BY-4.0;Level 1;/pdf/en/Playtime.pdf;/pdf/en/Playtime.epub
2088;PNG Coffee;CC-BY-4.0;Level 1;/pdf/en/PNG-Coffee.pdf;/pdf/en/PNG-Coffee.epub
2090;Poki Pig;CC-BY-4.0;Level 1;/pdf/en/Poki-Pig.pdf;/pdf/en/Poki-Pig.epub
2096;Porridge;CC-BY-4.0;Level 1;/pdf/en/Porridge.pdf;/pdf/en/Porridge.epub
2110;Putu and Gutu;CC-BY-4.0;Level 1;/pdf/en/Putu-and-Gutu.pdf;/pdf/en/Putu-and-Gutu.epub
2124;Rat and Frog - a play;CC-BY-4.0;Level 1;/pdf/en/Rat-and-Frog-a-play.pdf;/pdf/en/Rat-and-Frog-a-play.epub
2126;Rat and Goat;CC-BY-4.0;Level 1;/pdf/en/Rat-and-Goat.pdf;/pdf/en/Rat-and-Goat.epub
2146;Sani and Suri;CC-BY-4.0;Level 1;/pdf/en/Sani-and-Suri.pdf;/pdf/en/Sani-and-Suri.epub
2156;Sharing;CC-BY-4.0;Level 1;/pdf/en/Sharing.pdf;/pdf/en/Sharing.epub
2176;Smile Please!;CC-BY-4.0;Level 1;/pdf/en/Smile-Please.pdf;/pdf/en/Smile-Please.epub
2192;Sport;CC-BY-4.0;Level 1;/pdf/en/Sport.pdf;/pdf/en/Sport.epub
2208;Tall and Short;CC-BY-4.0;Level 1;/pdf/en/Tall-and-Short.pdf;/pdf/en/Tall-and-Short.epub
2212;Thambu's Kite;CC-BY-4.0;Level 1;/pdf/en/Thambus-Kite.pdf;/pdf/en/Thambus-Kite.epub
2222;The Bee and the Elephant;CC-BY-4.0;Level 1;/pdf/en/The-Bee-and-the-Elephant.pdf;/pdf/en/The-Bee-and-the-Elephant.epub
2260;The Conical Hat;CC-BY-4.0;Level 1;/pdf/en/The-Conical-Hat.pdf;/pdf/en/The-Conical-Hat.epub
2276;The Fly Over the Pond;cc-by-nc-sa-4-0;Level 1;/pdf/en/The-Fly-Over-the-Pond.pdf;/pdf/en/The-Fly-Over-the-Pond.epub
2316;The Lost Doll;CC-BY-4.0;Level 1;/pdf/en/The-Lost-Doll.pdf;/pdf/en/The-Lost-Doll.epub
2318;The Lost Duckling;CC-BY-4.0;Level 1;/pdf/en/The-Lost-Duckling.pdf;/pdf/en/The-Lost-Duckling.epub
2328;The New Boy;CC-BY-4.0;Level 1;/pdf/en/The-New-Boy.pdf;/pdf/en/The-New-Boy.epub
2334;The Peacock Who Wished to Fly;CC-BY-4.0;Level 1;/pdf/en/The-Peacock-Who-Wished-to-Fly.pdf;/pdf/en/The-Peacock-Who-Wished-to-Fly.epub
2346;The Royal Toothache;CC-BY-4.0;Level 1;/pdf/en/The-Royal-Toothache.pdf;/pdf/en/The-Royal-Toothache.epub
2368;The Three Little Kittens;CC-BY-4.0;Level 1;/pdf/en/The-Three-Little-Kittens.pdf;/pdf/en/The-Three-Little-Kittens.epub
2376;The Visitors;CC-BY-4.0;Level 1;/pdf/en/The-Visitors.pdf;/pdf/en/The-Visitors.epub
2380;The Wood Carver;CC-BY-4.0;Level 1;/pdf/en/The-Wood-Carver.pdf;/pdf/en/The-Wood-Carver.epub
2392;This...These;CC-BY-4.0;Level 1;/pdf/en/ThisThese.pdf;/pdf/en/ThisThese.epub
2424;Toto Imitates Grandpa;CC-BY-4.0;Level 1;/pdf/en/Toto-Imitates-Grandpa.pdf;/pdf/en/Toto-Imitates-Grandpa.epub
2428;Tractor Gets Help;CC-BY-4.0;Level 1;/pdf/en/Tractor-Gets-Help.pdf;/pdf/en/Tractor-Gets-Help.epub
2430;Transport;CC-BY-4.0;Level 1;/pdf/en/Transport.pdf;/pdf/en/Transport.epub
2432;Trees;CC-BY-4.0;Level 1;/pdf/en/Trees.pdf;/pdf/en/Trees.epub
2460;Watch Out! The Tiger is Here!;CC-BY-4.0;Level 1;/pdf/en/Watch-Out-The-Tiger-is-Here.pdf;/pdf/en/Watch-Out-The-Tiger-is-Here.epub
2468;What Animals Can You See?;CC-BY-4.0;Level 1;/pdf/en/What-Animals-Can-You-See.pdf;/pdf/en/What-Animals-Can-You-See.epub
2480;What If?;CC-BY-4.0;Level 1;/pdf/en/What-If.pdf;/pdf/en/What-If.epub
2486;What Type Of Teeth?;CC-BY-4.0;Level 1;/pdf/en/What-Type-Of-Teeth.pdf;/pdf/en/What-Type-Of-Teeth.epub
2494;When Mama is Away;CC-BY-4.0;Level 1;/pdf/en/When-Mama-is-Away.pdf;/pdf/en/When-Mama-is-Away.epub
2500;Where Do They Go?;CC-BY-4.0;Level 1;/pdf/en/Where-Do-They-Go.pdf;/pdf/en/Where-Do-They-Go.epub
2516;Who Can Fly without Wings?;CC-BY-4.0;Level 1;/pdf/en/Who-Can-Fly-without-Wings.pdf;/pdf/en/Who-Can-Fly-without-Wings.epub
2518;Who can help me?;CC-BY-4.0;Level 1;/pdf/en/Who-can-help-me.pdf;/pdf/en/Who-can-help-me.epub
2526;Who Will Help Me;CC-BY-4.0;Level 1;/pdf/en/Who-Will-Help-Me.pdf;/pdf/en/Who-Will-Help-Me.epub
2532;Whose Voice is This?;CC-BY-4.0;Level 1;/pdf/en/Whose-Voice-is-This.pdf;/pdf/en/Whose-Voice-is-This.epub
2546;Wild Cat! Wild Cat!;CC-BY-4.0;Level 1;/pdf/en/Wild-Cat-Wild-Cat.pdf;/pdf/en/Wild-Cat-Wild-Cat.epub
2552;Young or Old?;CC-BY-4.0;Level 1;/pdf/en/Young-or-Old.pdf;/pdf/en/Young-or-Old.epub
10078;My Home;CC-BY-4.0;Level 1;/pdf/en/My-Home.pdf;/pdf/en/My-Home.epub
19483;Bheema, the Sleepyhead;CC-BY-4.0;Level 1;/pdf/en/Bheema-the-Sleepyhead.pdf;/pdf/en/Bheema-the-Sleepyhead.epub
19495;Lights in the Water;CC-BY-4.0;Level 1;/pdf/en/Lights-in-the-Water.pdf;/pdf/en/Lights-in-the-Water.epub
21891;Come Back, Cat!;CC-BY-4.0;;/pdf/en/Come-Back-Cat.pdf;/pdf/en/Come-Back-Cat.epub
21893;Fat King Thin Dog;CC-BY-4.0;;/pdf/en/Fat-King-Thin-Dog.pdf;/pdf/en/Fat-King-Thin-Dog.epub
21895;Elders!;CC-BY-4.0;;/pdf/en/Elders.pdf;/pdf/en/Elders.epub